Experiment,Strategy,Model,Accuracy,Precision_1,Recall_1,F1_1,Macro_F1,ROC_AUC,PR_AUC
FE Only,No Handling,Random Forest,0.965,0.9554455445544554,0.910377358490566,0.9323671497584541,0.954379190393561,0.9884963419329996,0.9764050333780998
FE + Class Weight,Class Weight,Random Forest,0.965,0.96,0.9056603773584906,0.9320388349514563,0.9542349056912164,0.9885123860865102,0.9755007277765798
FE + RandomOverSampler,RandomOverSampler,XGBoost,0.96125,0.9289099526066351,0.9245283018867925,0.9267139479905437,0.9501879000785344,0.985584328070851,0.9719155764280649
FE + RandomOverSampler,RandomOverSampler,Random Forest,0.96125,0.9371980676328503,0.9150943396226415,0.9260143198090692,0.9498826891170664,0.9879107303298678,0.9738319296565741
FE Only,No Handling,XGBoost,0.96,0.9411764705882353,0.9056603773584906,0.9230769230769231,0.9480249480249481,0.9886086510075729,0.9757474670282569
FE Only,No Handling,CatBoost,0.96,0.9455445544554455,0.9009433962264151,0.9227053140096618,0.9478619318783554,0.9896194326787319,0.9784831531332512
FE + RandomOverSampler,RandomOverSampler,LightGBM,0.95875,0.9323671497584541,0.910377358490566,0.9212410501193318,0.9466493142213932,0.9895632781414452,0.9780284873679049
FE Only,No Handling,LightGBM,0.95875,0.9408866995073891,0.9009433962264151,0.9204819277108434,0.9463169132225102,0.9882637017070979,0.9754366698233842
FE + BorderlineSMOTE,BorderlineSMOTE,XGBoost,0.9575,0.9198113207547169,0.9198113207547169,0.9198113207547169,0.9454498780644334,0.9876299576434348,0.973821397280402
FE + ADASYN,ADASYN,XGBoost,0.9575,0.9198113207547169,0.9198113207547169,0.9198113207547169,0.9454498780644334,0.9862341162880246,0.9712712912726258
FE + Class Weight,Class Weight,CatBoost,0.95625,0.9078341013824884,0.9292452830188679,0.9184149184149184,0.9442629673201834,0.9898280066743678,0.9790653172904648
FE + RandomOverSampler,RandomOverSampler,CatBoost,0.95625,0.919431279620853,0.9150943396226415,0.91725768321513,0.9437605323467324,0.9904055962007444,0.9795706793904776
FE + SMOTE,SMOTE,XGBoost,0.95625,0.919431279620853,0.9150943396226415,0.91725768321513,0.9437605323467324,0.9868437941214221,0.9731689602123635
FE + SMOTE,SMOTE,LightGBM,0.95625,0.9234449760765551,0.910377358490566,0.9168646080760094,0.9435892166758334,0.9885284302400206,0.9753936277435089
FE + SMOTE,SMOTE,Random Forest,0.955,0.9074074074074074,0.9245283018867925,0.9158878504672897,0.9425855634589009,0.987136599922988,0.9703253823902853
FE + SMOTE,SMOTE,CatBoost,0.955,0.9230769230769231,0.9056603773584906,0.9142857142857143,0.9418886198547216,0.9887610704659222,0.9775082548635146
FE + Class Weight,Class Weight,LightGBM,0.955,0.9230769230769231,0.9056603773584906,0.9142857142857143,0.9418886198547216,0.9878786420228469,0.9756054845623201
FE + ADASYN,ADASYN,Random Forest,0.95375,0.9032258064516129,0.9245283018867925,0.9137529137529138,0.9410779940241939,0.9870964895392119,0.9705207401889397
FE + BorderlineSMOTE,BorderlineSMOTE,CatBoost,0.9525,0.9027777777777778,0.9198113207547169,0.9112149532710281,0.9393958725399509,0.9894188807598512,0.978446692486857
FE + ADASYN,ADASYN,CatBoost,0.9525,0.9027777777777778,0.9198113207547169,0.9112149532710281,0.9393958725399509,0.9892905275317674,0.9784260254367576
FE + Class Weight,Class Weight,XGBoost,0.9525,0.9142857142857143,0.9056603773584906,0.909952606635071,0.9388472710594711,0.9875176485688615,0.9731195148723493
FE + ADASYN,ADASYN,LightGBM,0.95125,0.9061032863849765,0.910377358490566,0.908235294117647,0.9375219023779724,0.9879668848671543,0.9751879916231994
FE + BorderlineSMOTE,BorderlineSMOTE,Random Forest,0.94875,0.8868778280542986,0.9245283018867925,0.9053117782909931,0.9350894795482386,0.9874253946861764,0.9730714859471933
FE + BorderlineSMOTE,BorderlineSMOTE,LightGBM,0.95,0.9095238095238095,0.9009433962264151,0.9052132701421801,0.9356287063783906,0.9867876395841356,0.9742095880138081
FE Only,No Handling,Extra Trees,0.94875,0.9211822660098522,0.8820754716981132,0.9012048192771084,0.9333028315794825,0.9820425811834168,0.9548791889045224
FE + Class Weight,Class Weight,Extra Trees,0.94875,0.9253731343283582,0.8773584905660378,0.9007263922518159,0.9330927664713166,0.9830453407778206,0.9557643379603434
FE + RandomOverSampler,RandomOverSampler,Extra Trees,0.945,0.9158415841584159,0.8726415094339622,0.893719806763285,0.9283101563327386,0.982166923373123,0.9542353840232531
FE + ADASYN,ADASYN,Extra Trees,0.93875,0.8755760368663594,0.8962264150943396,0.8857808857808858,0.9219681542482567,0.9827725901681428,0.9550105457610529
FE + SMOTE,SMOTE,Extra Trees,0.93875,0.8826291079812206,0.8867924528301887,0.8847058823529412,0.9215018773466834,0.9813887819278655,0.9502830262430714
FE + BorderlineSMOTE,BorderlineSMOTE,Extra Trees,0.93625,0.8744186046511628,0.8867924528301887,0.8805620608899297,0.9185419000101822,0.9808553138236427,0.9508289758478115
FE + SMOTE,SMOTE,Logistic Regression,0.92875,0.8384279475982532,0.9056603773584906,0.8707482993197279,0.9107839857254376,0.9765915800282376,0.9480999681293063
FE + Class Weight,Class Weight,Logistic Regression,0.9275,0.8318965517241379,0.910377358490566,0.8693693693693694,0.9095981794943733,0.9773296110897188,0.9495429980952157
FE Only,No Handling,Logistic Regression,0.93125,0.8866995073891626,0.8490566037735849,0.8674698795180723,0.9105281887041838,0.9778510460788089,0.9521320934899663
FE + RandomOverSampler,RandomOverSampler,Logistic Regression,0.925,0.8275862068965517,0.9056603773584906,0.8648648648648649,0.9064808753390068,0.9773456552432294,0.9496875866837254
FE + ADASYN,ADASYN,Logistic Regression,0.91875,0.7975708502024291,0.9292452830188679,0.8583877995642701,0.9007101136296373,0.9758535489667565,0.9463382349134075
FE + BorderlineSMOTE,BorderlineSMOTE,Logistic Regression,0.91625,0.7911646586345381,0.9292452830188679,0.8546637744034707,0.8979201224958531,0.9752037607495829,0.9453352614930556
